cust_id,name,gender,age,location,occupation,annual_income,marital_status
1,Manya Acharya,Female,2,City,Business Owner,358211.0,Married
2,Anjali Pandey,Female,47,City,Consultant,65172.0,Single
3,Aaryan Chauhan,Male,21,City,Freelancer,22378.0,Married
4,Rudra Bali,Male,24,Rural,Freelancer,33563.0,Married
5,Advait Malik,Male,48,City,Consultant,39406.0,Married
6,Arya Das,Male,22,City,Freelancer,44887.0,Married
7,Avyanna Soni,Female,32,Suburb,Business Owner,259013.0,Married
8,Yash Vernekar,Male,27,City,Freelancer,159400.0,Married
9,Vihaan Agarwal,Male,21,Suburb,Fullstack Developer,34814.0,Single
10,Aditya Choudhary,Male,25,Rural,Freelancer,39832.0,Married
11,Krishna Singhania,Male,39,City,Accountant,77588.0,Married
12,Krishna Das,Male,36,City,Accountant,67751.0,Married
13,Vivaan Batra,Male,24,City,Freelancer,25399.0,Married
14,Amaira Saxena,Female,26,City,Data Scientist,189453.0,Married
15,Sanjana Malik,Female,25,Rural,Artist,,Married
16,Ritvik Rathod,Male,39,Suburb,Consultant,107167.0,Married
17,Ananya Srivastava,Female,26,Suburb,Freelancer,141865.0,Married
18,Yuvraj Sardar,Male,25,City,Data Scientist,10672.0,Married
19,Aarav Gambhir,Male,42,Suburb,Consultant,17575.0,Married
20,Dhruv Malhotra,Male,28,City,Artist,33377.0,Single
21,Ridhi Bali,Female,31,City,Accountant,60750.0,Married
22,Arnav Goswami,Male,59,City,Business Owner,435536.0,Married
23,Ishan Patel,Male,19,City,Freelancer,36863.0,Married
24,Anika Sen,Female,20,City,Freelancer,58263.0,Married
25,Arnav Pandey,Male,29,City,Fullstack Developer,109158.0,Single
26,Virat Shukla,Male,26,Rural,Freelancer,239099.0,Single
27,Avani Das,Female,64,City,Business Owner,360483.0,Married
28,Ayush Vaswani,Male,39,City,Data Scientist,94444.0,Single
29,Ishan Singh,Male,28,City,Freelancer,244482.0,Married
30,Aditya Kulkarni,Male,31,Rural,Data Scientist,105583.0,Married
31,Kiaan Verma,Male,29,Rural,Data Scientist,121738.0,Married
32,Veer Mistry,Male,50,City,Business Owner,50.0,Married
33,Aahan Gupta,Male,32,City,Data Scientist,160219.0,Married
34,Aarya Nair,Male,38,City,Data Scientist,145795.0,Married
35,Myra Gulati,Female,21,City,Fullstack Developer,48825.0,Married
36,Krishna Anand,Male,41,City,Business Owner,448699.0,Married
37,Rudra Kadam,Male,39,Suburb,Data Scientist,135479.0,Single
38,Ishan Mehrotra,Male,64,City,Business Owner,115498.0,Married
39,Priya Tandon,Female,50,City,Business Owner,400804.0,Single
40,Reyansh Mangal,Male,43,City,Business Owner,383460.0,Married
41,Reyansh Bajaj,Male,62,Suburb,Business Owner,327569.0,Married
42,Aaryan Shah,Male,110,City,Artist,7621.0,Married
43,Riya Joshi,Female,32,City,Data Scientist,135759.0,Married
44,Aryan Jain,Male,44,Suburb,Consultant,94672.0,Married
45,Yash Joshi,Male,29,Suburb,Freelancer,217475.0,Married
46,Arya Bose,Male,39,City,Business Owner,251842.0,Single
47,Yuvraj Taneja,Male,27,Suburb,Freelancer,141513.0,Married
48,Vivaan Duggal,Male,32,City,Business Owner,117263.0,Married
49,Yuvraj Thakur,Male,47,Suburb,Business Owner,248414.0,Married
50,Yuvraj Wadhwa,Male,29,City,Data Scientist,182544.0,Married
51,Ishan Sharma,Male,39,City,Data Scientist,118963.0,Single
52,Aarav Mehta,Male,20,City,Freelancer,23487.0,Married
53,Arya Nair,Male,59,Suburb,Business Owner,446205.0,Single
54,Aryan Chauhan,Male,29,City,Freelancer,84807.0,Married
55,Pranav Pande,Male,24,City,Fullstack Developer,15095.0,Married
56,Krishna Pandey,Male,24,City,Freelancer,55244.0,Married
57,Virat Choudhary,Male,61,City,Business Owner,166599.0,Married
58,Rudra Goel,Male,39,Rural,Business Owner,132814.0,Married
59,Kunal Singh,Male,28,Suburb,Data Scientist,153225.0,Married
60,Amara Verma,Female,23,City,Freelancer,32037.0,Married
61,Rohan Malhotra,Male,64,City,Business Owner,424763.0,Married
62,Advait Agarwal,Male,25,Rural,Data Scientist,54288.0,Married
63,Ananya Yadav,Female,22,Rural,Artist,35667.0,Single
64,Aaryan Puri,Male,29,City,Artist,37897.0,Married
65,Neha Gulati,Female,58,City,Business Owner,207709.0,Married
66,Aaditya Mhatre,Male,25,City,Freelancer,24408.0,Married
67,Kabir Jaiswal,Male,25,City,Data Scientist,57545.0,Single
68,Yuvraj Srivastava,Male,40,Suburb,Consultant,57892.0,Married
69,Suhani Nair,Female,42,City,Consultant,86865.0,Married
70,Rehan Agarwal,Male,18,City,Freelancer,37815.0,Married
71,Akshay Singh,Male,23,Suburb,Freelancer,13401.0,Married
72,Akshay Mittal,Male,25,Suburb,Freelancer,7413.0,Married
73,Ishan Bansal,Male,28,City,Accountant,66647.0,Married
74,Dhruv Ganguly,Male,61,Suburb,Business Owner,277571.0,Single
75,Aarohi Dwivedi,Female,25,City,Freelancer,28391.0,Married
76,Sara Bhat,Female,34,Suburb,Data Scientist,176363.0,Married
77,Krishna Mehta,Male,33,City,Business Owner,271144.0,Married
78,Kunal Jaiswal,Male,55,City,Business Owner,146774.0,Married
79,Sia Acharya,Female,23,City,Freelancer,43637.0,Married
80,Advait Vasudeva,Male,42,Suburb,Consultant,85998.0,Married
81,Aaryan Bali,Male,20,City,Fullstack Developer,55682.0,Married
82,Ayush Srivastava,Male,41,City,Business Owner,278341.0,Married
83,Reyansh Mukherjee,Male,27,City,Freelancer,,Single
84,Advik Sethi,Male,43,Rural,Consultant,15804.0,Married
85,Krishna Shukla,Male,46,Suburb,Business Owner,164680.0,Single
86,Gauri Tandon,Female,34,Rural,Data Scientist,108807.0,Married
87,Arya Batra,Male,44,Suburb,Consultant,34798.0,Single
88,Reyansh Gavaskar,Male,29,Suburb,Freelancer,217291.0,Single
89,Dhruv Goswami,Male,32,Rural,Fullstack Developer,148065.0,Single
90,Rishabh Kapoor,Male,53,Suburb,Consultant,114376.0,Married
91,Aryan Pawar,Male,34,City,Fullstack Developer,122238.0,Married
92,Avinash Lalwani,Male,30,City,Fullstack Developer,137455.0,Married
93,Aryan Acharya,Male,50,City,Business Owner,165189.0,Single
94,Aahan Patel,Male,56,City,Business Owner,393253.0,Married
95,Swara Mehrotra,Female,24,Suburb,Freelancer,7165.0,Married
96,Kunal Kaul,Male,35,City,Data Scientist,124090.0,Single
97,Yash Acharya,Male,51,City,Business Owner,387177.0,Married
98,Virat Puri,Male,47,Suburb,Business Owner,,Married
99,Dhruv Sahani,Male,26,Suburb,Fullstack Developer,157221.0,Married
100,Sanjana Malhotra,Female,53,City,Consultant,49772.0,Single
101,Kiaan Dutta,Male,52,City,Business Owner,283742.0,Married
102,Akshay Vernekar,Male,42,City,Consultant,53075.0,Married
103,Aarav Shah,Male,32,City,Data Scientist,,Married
104,Aarav Wadhwa,Male,27,City,Data Scientist,182998.0,Married
105,Ishan Lal,Male,35,City,Data Scientist,195686.0,Married
106,Rehan Monga,Male,32,City,Data Scientist,180608.0,Married
107,Ayush Gavaskar,Male,62,City,Business Owner,324767.0,Married
108,Ishita Narang,Female,46,Suburb,Consultant,20188.0,Single
109,Yuvraj Banerjee,Male,43,City,Business Owner,301993.0,Single
110,Anjali Chauhan,Female,60,City,Business Owner,309218.0,Single
111,Aditya Dutta,Male,38,Suburb,Business Owner,250416.0,Married
112,Arya Gandhi,Male,26,City,Freelancer,172394.0,Married
113,Yash Sethi,Male,55,City,Business Owner,303207.0,Married
114,Aradhya Pande,Female,22,City,Freelancer,18326.0,Married
115,Dhruv Kaul,Male,26,Suburb,Accountant,71601.0,Married
116,Ridhi Nanda,Female,19,City,Freelancer,26246.0,Married
117,Akshay Vaswani,Male,29,Rural,Data Scientist,196585.0,Single
118,Krishna Dube,Male,59,Rural,Business Owner,200751.0,Married
119,Aaditya Gulati,Male,21,Suburb,Freelancer,24118.0,Married
120,Avinash Banerjee,Male,30,City,Fullstack Developer,141137.0,Married
121,Rudra Raj,Male,23,Suburb,Freelancer,38592.0,Married
122,Ayush Kulkarni,Male,57,Suburb,Business Owner,211590.0,Married
123,Kabir Negi,Male,35,City,Business Owner,175679.0,Single
124,Aditya Kadam,Male,63,City,Business Owner,411300.0,Married
125,Kunal Kapoor,Male,23,Suburb,Freelancer,7043.0,Single
126,Veer Joshi,Male,46,City,Business Owner,129681.0,Married
127,Sneha Monga,Female,24,City,Freelancer,41794.0,Married
128,Aaditya Yadav,Male,28,Rural,Artist,45794.0,Married
129,Pranav Verma,Male,29,City,Data Scientist,122508.0,Single
130,Kabir Sareen,Male,28,City,Artist,74464.0,Married
131,Aarya Singh,Male,26,City,Artist,59543.0,Married
132,Yash Mehtani,Male,24,Rural,Freelancer,56825.0,Married
133,Mihika Monga,Female,29,Suburb,Fullstack Developer,114178.0,Single
134,Advait Sinha,Male,35,Suburb,Business Owner,76370.0,Married
135,Sneha Malik,Female,22,City,Freelancer,36816.0,Single
136,Ishan Nanda,Female,29,Suburb,Fullstack Developer,158843.0,Married
137,Ritvik Mathur,Male,28,City,Freelancer,66912.0,Married
138,Priya Rao,Female,59,Suburb,Business Owner,395783.0,Married
139,Kabir Shukla,Male,36,City,Data Scientist,150480.0,Married
140,Aditya Soni,Male,50,Rural,Business Owner,333645.0,Married
141,Kriti Bali,Female,23,City,Freelancer,29641.0,Married
142,Suhani Raj,Female,19,City,Freelancer,43235.0,Married
143,Pooja Reddy,Female,20,City,Fullstack Developer,7761.0,Married
144,Dhruv Rao,Male,41,Suburb,Consultant,30231.0,Single
145,Rishabh Pande,Male,60,City,Business Owner,390068.0,Married
146,Arya Ver,Male,23,City,Freelancer,36297.0,Married
147,Ridhi Rathod,Female,38,Suburb,Data Scientist,168269.0,Married
148,Rishabh Banerjee,Male,55,City,Business Owner,88579.0,Single
149,Veer Shukla,Male,39,City,Data Scientist,152828.0,Single
150,Simran Sharma,Female,19,City,Freelancer,58123.0,Married
151,Ishan Mistry,Male,29,City,Artist,61482.0,Married
152,Aahan Malhotra,Male,39,Suburb,Business Owner,260057.0,Single
153,Amaira Mukherjee,Female,30,Suburb,Fullstack Developer,74531.0,Married
154,Advait Gupta,Male,32,Suburb,Fullstack Developer,122006.0,Single
155,Riya Nair,Female,33,City,Data Scientist,124973.0,Married
156,Kiaan Saxena,Male,24,City,Fullstack Developer,,Married
157,Yash Pande,Male,27,City,Freelancer,215049.0,Married
158,Pranav Agarwal,Male,40,City,Consultant,82122.0,Married
159,Ishan Khanna,Male,23,City,Freelancer,22917.0,Married
160,Rishabh Sethi,Male,32,Rural,Business Owner,175636.0,Married
161,Krishna Monga,Male,47,City,Business Owner,432333.0,Married
162,Dhruv Gupta,Male,55,City,Business Owner,353263.0,Single
163,Aaryan Mehta,Male,32,City,Fullstack Developer,84638.0,Married
164,Pranav Dewan,Male,29,Rural,Freelancer,68445.0,Married
165,Aditi Sareen,Female,25,City,Freelancer,32199.0,Married
166,Sia Dutta,Female,1,City,Freelancer,39721.0,Single
167,Veer Kadam,Male,42,Rural,Business Owner,248679.0,Married
168,Aaditya Anand,Male,41,City,Business Owner,331377.0,Married
169,Arya Shetty,Male,45,City,Business Owner,355902.0,Married
170,Aarohi Raj,Female,32,Suburb,Fullstack Developer,147636.0,Single
171,Advait Verma,Male,52,City,Business Owner,,Single
172,Aaryan Kulkarni,Male,46,Rural,Consultant,25003.0,Married
173,Ishita Sareen,Female,57,City,Business Owner,319766.0,Single
174,Aarav Jain,Male,21,City,Freelancer,38793.0,Married
175,Rohan Sharma,Male,110,City,Freelancer,23723.0,Married
176,Ishan Vernekar,Male,52,City,Business Owner,235437.0,Married
177,Sanjana Mittal,Female,29,City,Fullstack Developer,102947.0,Married
178,Anika Srivastava,Female,47,City,Business Owner,208398.0,Married
179,Rehan Dewan,Male,54,City,Consultant,14146.0,Married
180,Yuvraj Kulkarni,Male,53,City,Business Owner,412037.0,Married
181,Aahana Bali,Female,39,Rural,Data Scientist,175619.0,Married
182,Pranav Rana,Male,49,Suburb,Business Owner,335310.0,Married
183,Arya Vaswani,Male,30,City,Fullstack Developer,105757.0,Single
184,Yuvraj Kapadia,Male,21,Rural,Freelancer,32896.0,Married
185,Arya Verma,Male,33,City,Business Owner,324357.0,Single
186,Aaryan Dewan,Male,53,Suburb,Consultant,105511.0,Married
187,Samar Sardar,Male,53,City,Consultant,,Single
188,Riya Dutta,Female,47,City,Consultant,116470.0,Single
189,Priya Kaul,Female,42,Suburb,Consultant,111008.0,Married
190,Aarav Das,Male,29,Suburb,Fullstack Developer,146521.0,Married
191,Kavya Narang,Female,35,City,Business Owner,216172.0,Single
192,Myra Mehta,Female,25,Suburb,Fullstack Developer,28265.0,Single
193,Ishan Joshi,Male,37,Suburb,Data Scientist,,Married
194,Avyanna Agarwal,Female,43,Suburb,Consultant,95980.0,Single
195,Advait Chatterjee,Male,33,City,Data Scientist,96405.0,Married
196,Krishna Dewan,Male,46,Suburb,Consultant,33066.0,Married
197,Vivaan Banerjee,Male,28,City,Fullstack Developer,98819.0,Single
198,Aditya Lal,Male,25,City,Freelancer,40268.0,Married
199,Ayush Sethi,Male,32,City,Fullstack Developer,158983.0,Married
200,Ishan Bhat,Female,27,City,Freelancer,71186.0,Married
201,Advik Kaul,Male,20,City,Freelancer,59783.0,Single
202,Aarohi Batra,Female,24,City,Freelancer,38690.0,Married
203,Ishan Kaul,Female,32,City,Data Scientist,156671.0,Single
204,Akshay Tandon,Male,25,Suburb,Fullstack Developer,55866.0,Married
205,Rohan Shetty,Male,26,City,Artist,45048.0,Married
206,Vivaan Mathur,Male,39,City,Data Scientist,174253.0,Single
207,Arjun Jaiswal,Male,26,City,Freelancer,234104.0,Married
208,Reyansh Singhania,Male,26,City,Artist,59356.0,Married
209,Ayush Kapoor,Male,24,City,Fullstack Developer,34723.0,Single
210,Aarohi Patel,Female,33,Rural,Fullstack Developer,94955.0,Married
211,Advik Dua,Male,24,City,Fullstack Developer,18231.0,Married
212,Mira Rana,Female,23,City,Artist,46738.0,Married
213,Ishan Bansal,Female,31,City,Data Scientist,115280.0,Married
214,Amaira Nair,Female,32,City,Data Scientist,93963.0,Married
215,Rohan Soni,Male,28,City,Freelancer,173703.0,Married
216,Advik Verma,Male,41,Suburb,Business Owner,118327.0,Married
217,Advait Chauhan,Male,19,City,Freelancer,53788.0,Married
218,Arya Negi,Male,23,City,Fullstack Developer,19374.0,Married
219,Vivaan Rastogi,Male,26,City,Artist,76263.0,Married
220,Avinash Sardar,Male,18,Rural,Freelancer,9568.0,Married
221,Dhruv Goyal,Male,64,Suburb,Business Owner,222442.0,Married
222,Arnav Sen,Male,32,City,Data Scientist,171203.0,Married
223,Arjun Batra,Male,110,Suburb,Freelancer,210987.0,Married
224,Aahan Malik,Male,53,Suburb,Business Owner,382812.0,Married
225,Suhani Patel,Female,50,City,Consultant,25109.0,Married
226,Kabir Duggal,Male,39,Suburb,Accountant,79953.0,Married
227,Avyanna Singh,Female,21,City,Freelancer,37836.0,Married
228,Advait Mukherjee,Male,48,City,Business Owner,,Married
229,Kriti Singhal,Female,59,City,Business Owner,207356.0,Married
230,Advik Malhotra,Male,24,Rural,Freelancer,7906.0,Single
231,Swara Gandhi,Female,32,Suburb,Business Owner,449346.0,Married
232,Aradhya Rao,Female,41,City,Consultant,38735.0,Married
233,Aditya Goel,Male,26,City,Freelancer,,Married
234,Kunal Lal,Male,58,City,Business Owner,448510.0,Single
235,Vivaan Shukla,Male,34,Suburb,Fullstack Developer,99709.0,Married
236,Rohan Trivedi,Male,63,Suburb,Business Owner,243612.0,Married
237,Aarohi Goel,Female,34,City,Fullstack Developer,122550.0,Single
238,Aditya Sahani,Male,52,Suburb,Business Owner,227410.0,Married
239,Akshay Sinha,Male,25,City,Data Scientist,23667.0,Single
240,Yash Kadam,Male,26,Suburb,Freelancer,129256.0,Married
241,Aaryan Bose,Male,24,Suburb,Freelancer,,Married
242,Reyansh Monga,Male,44,City,Consultant,14589.0,Married
243,Advik Gupta,Male,43,City,Business Owner,140062.0,Married
244,Amaira D'Souza,Female,23,City,Fullstack Developer,58503.0,Single
245,Sanjana Negi,Female,29,City,Fullstack Developer,139290.0,Married
246,Kabir Vernekar,Male,44,City,Consultant,93948.0,Married
247,Arnav Gupta,Male,25,City,Freelancer,13370.0,Single
248,Ayush Wadhwa,Male,26,Suburb,Freelancer,138254.0,Married
249,Simran Raj,Female,29,City,Fullstack Developer,141586.0,Married
250,Kriti Kapadia,Female,36,City,Business Owner,159195.0,Married
251,Aahan Srivastava,Male,39,City,Consultant,26264.0,Married
252,Veer Thakur,Male,55,Rural,Business Owner,415815.0,Single
253,Neha Choudhary,Female,59,Suburb,Business Owner,138525.0,Married
254,Arya Mehrotra,Male,21,City,Fullstack Developer,9682.0,Married
255,Avyanna Rathore,Female,29,City,Data Scientist,171653.0,Single
256,Anaya Sethi,Female,33,City,Fullstack Developer,133110.0,Married
257,Rohan Sethi,Male,28,City,Freelancer,205791.0,Married
258,Rishabh Shetty,Male,28,City,Artist,35731.0,Married
259,Ayush Mehtani,Male,28,City,Freelancer,172607.0,Married
260,Aditya Raj,Male,32,City,Business Owner,358506.0,Married
261,Aditi Gavaskar,Female,36,Rural,Data Scientist,186609.0,Married
262,Zara Pande,Female,21,Rural,Freelancer,52403.0,Married
263,Vivaan Tandon,Male,53,Suburb,Business Owner,50.0,Married
264,Arya Gupta,Male,26,Rural,Freelancer,211261.0,Single
265,Manya Dhawan,Female,26,City,Data Scientist,133189.0,Married
266,Manya Kulkarni,Female,39,Suburb,Data Scientist,117773.0,Married
267,Aarav Sharma,Male,22,City,Freelancer,49060.0,Single
268,Simran Mehta,Female,20,City,Fullstack Developer,42291.0,Single
269,Aditya Dube,Male,42,City,Consultant,62387.0,Married
270,Dhruv Sethi,Male,48,City,Consultant,85775.0,Married
271,Krishna Jain,Male,29,City,Data Scientist,141741.0,Married
272,Aradhya Tandon,Female,61,City,Business Owner,123639.0,Married
273,Kunal Sahani,Male,50,Suburb,Business Owner,,Married
274,Arjun Jain,Male,33,City,Data Scientist,135474.0,Married
275,Aahan Tandon,Male,28,City,Fullstack Developer,72892.0,Married
276,Ananya Bali,Female,47,City,Consultant,,Single
277,Advait Dewan,Male,41,City,Consultant,21673.0,Married
278,Aarav Tandon,Male,110,City,Consultant,96522.0,Single
279,Ishan Trivedi,Female,29,City,Freelancer,59609.0,Married
280,Virat Jain,Male,61,City,Business Owner,415203.0,Married
281,Gauri Ver,Female,32,City,Business Owner,100846.0,Married
282,Rehan Mukherjee,Male,26,City,Fullstack Developer,101491.0,Married
283,Aahan Mehta,Male,30,City,Data Scientist,190344.0,Single
284,Arya Sharma,Male,21,Rural,Fullstack Developer,26514.0,Married
285,Ananya Monga,Female,29,City,Data Scientist,109050.0,Married
286,Ridhi Duggal,Female,34,City,Data Scientist,107622.0,Single
287,Amara Mittal,Female,25,Rural,Data Scientist,10847.0,Single
288,Aarya Negi,Male,35,City,Business Owner,105873.0,Single
289,Isha Thakur,Female,64,City,Business Owner,145898.0,Married
290,Rudra Mangal,Male,48,City,Business Owner,162017.0,Married
291,Priya Jain,Female,48,City,Consultant,71725.0,Married
292,Veer Wadhwa,Male,21,Suburb,Freelancer,31174.0,Married
293,Aryan Dube,Male,61,City,Business Owner,213270.0,Married
294,Anaya Das,Female,64,Suburb,Business Owner,108461.0,Married
295,Rudra Gandhi,Male,33,Rural,Data Scientist,168348.0,Married
296,Ayush Pandey,Male,1,Rural,Accountant,55254.0,Married
297,Pranav Dhawan,Male,21,City,Freelancer,44908.0,Single
298,Rehan Choudhary,Male,60,City,Business Owner,123518.0,Married
299,Anaya Singhal,Female,34,City,Data Scientist,96494.0,Married
300,Neha Anand,Female,32,City,Business Owner,448071.0,Married
301,Dhruv Verma,Male,40,Suburb,Business Owner,184295.0,Married
302,Amara Sahani,Female,61,City,Business Owner,245243.0,Single
303,Ananya Shukla,Female,23,Rural,Freelancer,25999.0,Married
304,Manya Kadam,Female,63,Suburb,Business Owner,192494.0,Married
305,Aisha Mehtani,Female,54,Suburb,Business Owner,314037.0,Single
306,Rudra Arora,Male,37,City,Business Owner,306699.0,Married
307,Amaira Duggal,Female,19,Suburb,Freelancer,40695.0,Married
308,Ritvik Kaul,Male,50,Suburb,Business Owner,83075.0,Married
309,Avinash Gupta,Male,31,Suburb,Fullstack Developer,110926.0,Single
310,Samar Lal,Male,62,City,Business Owner,254840.0,Married
311,Aryan Sharma,Male,39,Rural,Data Scientist,172924.0,Married
312,Krishna Wadhwa,Male,29,City,Freelancer,222881.0,Married
313,Ritvik Gupta,Male,50,City,Consultant,,Married
314,Aisha Chatterjee,Female,53,City,Business Owner,309817.0,Married
315,Reyansh Jaiswal,Male,18,Suburb,Freelancer,10745.0,Single
316,Amara Jha,Female,25,City,Data Scientist,,Married
317,Yuvraj Saxena,Male,47,City,Consultant,50.0,Married
318,Aditya Mistry,Male,64,Suburb,Business Owner,260977.0,Married
319,Aaditya Mehta,Male,29,City,Data Scientist,195695.0,Married
320,Zara Batra,Female,54,City,Business Owner,117140.0,Married
321,Aaryan Patel,Male,60,Suburb,Business Owner,384275.0,Married
322,Vivaan Malik,Male,49,Rural,Business Owner,148301.0,Married
323,Rehan Rao,Male,34,City,Data Scientist,99417.0,Married
324,Samaira Das,Female,52,Suburb,Consultant,39037.0,Married
325,Arjun Vaswani,Male,24,City,Freelancer,48700.0,Married
326,Virat Goel,Male,110,City,Accountant,61021.0,Single
327,Pooja Acharya,Female,33,Suburb,Data Scientist,196607.0,Married
328,Arya Malik,Male,34,City,Business Owner,253981.0,Married
329,Rudra Bajaj,Male,32,City,Business Owner,107900.0,Single
330,Avani Sharma,Female,61,Rural,Business Owner,212028.0,Married
331,Riya Anand,Female,55,City,Business Owner,382680.0,Married
332,Vivaan Reddy,Male,57,City,Business Owner,428156.0,Married
333,Aisha Sardar,Female,43,City,Business Owner,199099.0,Married
334,Avani Khanna,Female,29,City,Data Scientist,50.0,Married
335,Yash Anand,Male,24,City,Fullstack Developer,13000.0,Married
336,Aarav Tiwari,Male,35,City,Data Scientist,151432.0,Single
337,Vihaan Gavaskar,Male,29,Suburb,Artist,79267.0,Married
338,Simran Vernekar,Female,21,City,Freelancer,59272.0,Single
339,Arjun Gupta,Male,47,Suburb,Consultant,100299.0,Single
340,Aahan Singh,Male,29,City,Data Scientist,164717.0,Married
341,Priya Sinha,Female,33,Rural,Fullstack Developer,50.0,Married
342,Anjali Rana,Female,24,City,Fullstack Developer,40146.0,Married
343,Dhruv Batra,Male,47,City,Business Owner,298432.0,Married
344,Akshay Sharma,Male,21,Suburb,Freelancer,9854.0,Married
345,Aryan Arora,Male,32,City,Fullstack Developer,136118.0,Married
346,Sara Dhawan,Female,29,City,Fullstack Developer,99499.0,Single
347,Neha Kadam,Female,47,Rural,Consultant,57297.0,Single
348,Suhani Bose,Female,53,Suburb,Consultant,49156.0,Married
349,Priya Tiwari,Female,33,City,Data Scientist,149105.0,Married
350,Vihaan Malhotra,Male,25,City,Freelancer,9379.0,Married
351,Sara Singh,Female,18,Suburb,Freelancer,14985.0,Single
352,Myra Khanna,Female,47,City,Business Owner,267976.0,Married
353,Virat Gulati,Male,31,City,Fullstack Developer,153492.0,Married
354,Avani Naidu,Female,23,City,Freelancer,22908.0,Married
355,Pranav Vasudeva,Male,28,Suburb,Freelancer,127755.0,Single
356,Aarav Dutta,Male,27,City,Fullstack Developer,74383.0,Single
357,Avyanna Kapadia,Female,24,City,Freelancer,23891.0,Married
358,Aditya Tiwari,Male,55,Suburb,Business Owner,136671.0,Married
359,Aaditya Acharya,Male,28,Suburb,Artist,52885.0,Married
360,Aahana Singh,Female,51,City,Business Owner,246449.0,Married
361,Amara Das,Female,18,City,Freelancer,28034.0,Married
362,Aahan Narang,Male,34,City,Fullstack Developer,111631.0,Single
363,Dhruv Gandhi,Male,20,City,Fullstack Developer,33638.0,Married
364,Pooja Jaiswal,Female,36,City,Data Scientist,148069.0,Married
365,Mihika Dwivedi,Female,38,Suburb,Data Scientist,159476.0,Married
366,Rohan Vasudeva,Male,20,City,Fullstack Developer,38830.0,Married
367,Aaditya Verma,Male,24,City,Freelancer,12234.0,Single
368,Advik Vasudeva,Male,26,City,Data Scientist,158322.0,Married
369,Rishabh Gupta,Male,26,City,Artist,38630.0,Married
370,Arjun Goyal,Male,27,City,Freelancer,172989.0,Married
371,Swara Mukherjee,Female,34,City,Fullstack Developer,150269.0,Married
372,Aarav Pawar,Male,27,City,Artist,34205.0,Married
373,Aaryan Jaiswal,Male,55,City,Business Owner,404309.0,Married
374,Advik Puri,Male,39,City,Data Scientist,124138.0,Married
375,Anaya Nanda,Female,28,City,Freelancer,81226.0,Married
376,Rishabh Jaiswal,Male,50,Suburb,Consultant,89475.0,Single
377,Anjali Rathore,Female,30,City,Data Scientist,191685.0,Married
378,Kabir Das,Male,54,City,Business Owner,323843.0,Married
379,Veer Chauhan,Male,34,City,Data Scientist,171556.0,Married
380,Ishita Kaul,Female,59,City,Business Owner,360385.0,Single
381,Virat Saxena,Male,23,City,Freelancer,46759.0,Single
382,Rudra Malik,Male,25,Suburb,Fullstack Developer,13510.0,Married
383,Sanjana Kadam,Female,33,Suburb,Business Owner,388679.0,Married
384,Yash Raj,Male,30,City,Data Scientist,180424.0,Married
385,Pranav Singhal,Male,35,City,Data Scientist,137381.0,Single
386,Vihaan Patel,Male,21,City,Fullstack Developer,24726.0,Married
387,Kabir Pandey,Male,30,City,Fullstack Developer,75257.0,Single
388,Arjun Rao,Male,47,City,Business Owner,290093.0,Single
389,Pooja Srivastava,Female,48,City,Business Owner,123107.0,Married
390,Samar Duggal,Male,26,City,Freelancer,188117.0,Married
391,Sanjana Das,Female,55,City,Business Owner,399169.0,Married
392,Veer Tiwari,Male,47,Suburb,Business Owner,150225.0,Married
393,Arjun Saxena,Male,39,Rural,Data Scientist,123922.0,Married
394,Aarohi Gavaskar,Female,31,City,Data Scientist,148674.0,Married
395,Anaya Gandhi,Female,52,City,Consultant,93565.0,Married
396,Sia D'Souza,Female,62,City,Business Owner,227798.0,Married
397,Aaryan Duggal,Male,50,Rural,Business Owner,343178.0,Married
398,Pranav Monga,Male,60,Suburb,Business Owner,312116.0,Single
399,Veer Jain,Male,28,City,Fullstack Developer,149197.0,Single
400,Rishabh Gulati,Male,55,City,Business Owner,218840.0,Married
401,Riya Tiwari,Female,32,City,Fullstack Developer,87876.0,Married
402,Aahan Dwivedi,Male,63,Rural,Business Owner,374818.0,Married
403,Arnav Singh,Male,60,City,Business Owner,,Married
404,Samar Shah,Male,21,City,Freelancer,41939.0,Married
405,Arnav Banerjee,Male,26,City,Data Scientist,,Single
406,Neha Mhatre,Female,29,City,Fullstack Developer,107615.0,Single
407,Pooja Malik,Female,37,City,Data Scientist,129765.0,Married
408,Kabir Mangal,Male,29,City,Freelancer,204721.0,Single
409,Aditya Chatterjee,Male,29,Suburb,Data Scientist,125013.0,Married
410,Kiaan Jain,Male,45,Rural,Consultant,,Married
411,Aradhya Mhatre,Female,25,Rural,Artist,21827.0,Married
412,Manya Singhal,Female,24,City,Fullstack Developer,14941.0,Married
413,Manya Shukla,Female,36,Suburb,Business Owner,169278.0,Married
414,Aryan Choudhary,Male,36,City,Data Scientist,108063.0,Married
415,Aahana Mehtani,Female,24,City,Freelancer,40510.0,Married
416,Aarav Naidu,Male,27,City,Freelancer,60647.0,Married
417,Samar Dubey,Male,29,City,Fullstack Developer,110584.0,Married
418,Vihaan Bali,Male,31,City,Fullstack Developer,88945.0,Married
419,Suhani Jain,Female,64,City,Business Owner,386681.0,Single
420,Mira Saxena,Female,29,City,Fullstack Developer,118838.0,Married
421,Aarya Kapadia,Male,44,City,Business Owner,418162.0,Married
422,Kunal Kulkarni,Male,25,City,Freelancer,33413.0,Married
423,Avyanna Singhania,Female,22,City,Fullstack Developer,42452.0,Married
424,Mira Anand,Female,21,City,Freelancer,44668.0,Married
425,Avinash Dua,Male,32,City,Data Scientist,141158.0,Married
426,Rehan Reddy,Male,34,City,Data Scientist,153399.0,Single
427,Simran Agarwal,Female,40,City,Business Owner,195457.0,Single
428,Samaira Bajaj,Female,39,Suburb,Data Scientist,158997.0,Married
429,Sanjana Vasudeva,Female,63,Suburb,Business Owner,260311.0,Single
430,Kavya Ver,Female,55,City,Business Owner,365184.0,Married
431,Akshay Patel,Male,22,Suburb,Freelancer,32440.0,Married
432,Isha Yadav,Female,26,City,Freelancer,149828.0,Married
433,Avani Kadam,Female,60,Rural,Business Owner,118236.0,Single
434,Samaira Jain,Female,28,Suburb,Data Scientist,182741.0,Married
435,Akshay Rathore,Male,29,City,Data Scientist,120871.0,Married
436,Suhani Verma,Female,21,Suburb,Fullstack Developer,47667.0,Single
437,Riya Gupta,Female,25,Rural,Fullstack Developer,47353.0,Married
438,Kavya Chatterjee,Female,25,City,Fullstack Developer,19064.0,Married
439,Samar Pandey,Male,21,City,Freelancer,38797.0,Married
440,Aaryan Jha,Male,27,City,Fullstack Developer,118900.0,Married
441,Rudra Bose,Male,36,Suburb,Data Scientist,,Married
442,Reyansh Rao,Male,32,Rural,Business Owner,427436.0,Married
443,Aarya Goyal,Male,53,City,Business Owner,77003.0,Married
444,Aaryan Wadhwa,Male,37,City,Business Owner,78223.0,Married
445,Yuvraj Anand,Male,21,City,Freelancer,51269.0,Married
446,Akshay Verma,Male,32,City,Data Scientist,106161.0,Married
447,Aahan Gambhir,Male,60,City,Business Owner,,Married
448,Ishan Sareen,Female,28,Suburb,Data Scientist,107739.0,Married
449,Zara Vaswani,Female,22,Rural,Freelancer,23593.0,Married
450,Anika Rathod,Female,24,Suburb,Fullstack Developer,,Married
451,Aaditya Malhotra,Male,29,Rural,Freelancer,104885.0,Married
452,Rudra Gavaskar,Male,26,City,Data Scientist,116545.0,Married
453,Simran Rathore,Female,33,City,Data Scientist,159157.0,Married
454,Advait Dwivedi,Male,39,City,Data Scientist,153147.0,Married
455,Vihaan Rathod,Male,52,City,Business Owner,351625.0,Married
456,Aahan Dube,Male,41,Rural,Consultant,106403.0,Married
457,Reyansh Bali,Male,37,Suburb,Data Scientist,97357.0,Married
458,Yash Patil,Male,22,Rural,Fullstack Developer,20040.0,Single
459,Samaira Mathur,Female,26,City,Freelancer,229552.0,Married
460,Aaditya Sahani,Male,28,City,Data Scientist,109181.0,Single
461,Aaryan Gulati,Male,27,Suburb,Data Scientist,104374.0,Married
462,Kunal Nair,Male,33,City,Data Scientist,,Married
463,Kabir Anand,Male,21,City,Fullstack Developer,30644.0,Married
464,Vihaan Duggal,Male,40,City,Business Owner,83676.0,Single
465,Arya Taneja,Male,39,City,Business Owner,435120.0,Married
466,Arnav Pawar,Male,44,Suburb,Consultant,43466.0,Married
467,Akshay Bali,Male,19,Suburb,Freelancer,18103.0,Married
468,Aahana Mukherjee,Female,22,City,Fullstack Developer,47514.0,Married
469,Kriti Raj,Female,46,City,Business Owner,421828.0,Married
470,Swara Jain,Female,55,City,Business Owner,439576.0,Single
471,Aditya Sethi,Male,48,City,Business Owner,286984.0,Married
472,Krishna Ver,Male,62,City,Business Owner,332828.0,Married
473,Aditi Yadav,Female,23,City,Freelancer,55011.0,Married
474,Mihika Jaiswal,Female,57,City,Business Owner,225316.0,Married
475,Neha Verma,Female,28,City,Data Scientist,,Single
476,Mira Goswami,Female,29,Suburb,Data Scientist,125037.0,Married
477,Arjun Gavaskar,Male,33,City,Fullstack Developer,94680.0,Married
478,Kiaan Singhal,Male,41,City,Business Owner,317372.0,Single
479,Dhruv Mangal,Male,40,City,Business Owner,295440.0,Married
480,Pranav Thakur,Male,51,City,Business Owner,245894.0,Married
481,Mihika Pande,Female,30,City,Data Scientist,169350.0,Single
482,Advait Mistry,Male,22,City,Freelancer,43783.0,Married
483,Suhani Singh,Female,37,Suburb,Data Scientist,190369.0,Married
484,Rudra Mistry,Male,28,City,Fullstack Developer,109124.0,Married
485,Aryan Mehrotra,Male,24,City,Freelancer,7674.0,Married
486,Aahan Batra,Male,53,City,Business Owner,415191.0,Married
487,Aradhya Shetty,Female,29,City,Freelancer,196247.0,Married
488,Swara Jaiswal,Female,47,City,Consultant,29292.0,Married
489,Arya Banerjee,Male,60,Suburb,Business Owner,316173.0,Married
490,Aarya Patel,Male,32,City,Data Scientist,109012.0,Single
491,Aditya Bajaj,Male,19,City,Freelancer,38672.0,Married
492,Aarya Sharma,Male,56,City,Business Owner,258154.0,Single
493,Virat Chatterjee,Male,24,City,Freelancer,37301.0,Married
494,Advait Srinivasan,Male,41,City,Business Owner,225842.0,Married
495,Advik Singhania,Male,34,City,Data Scientist,113191.0,Married
496,Aryan Nanda,Male,25,City,Data Scientist,6779.0,Married
497,Yuvraj Gulati,Male,29,Suburb,Freelancer,189569.0,Married
498,Neha Chauhan,Female,25,Suburb,Data Scientist,56534.0,Married
499,Arjun Lalwani,Male,33,City,Fullstack Developer,84833.0,Single
500,Aaryan Rana,Male,21,City,Fullstack Developer,32416.0,Single
501,Avinash Rao,Male,38,City,Data Scientist,181135.0,Married
502,Kiaan Banerjee,Male,35,Suburb,Data Scientist,97061.0,Single
503,Samar Dewan,Male,38,Suburb,Data Scientist,,Single
504,Simran Jha,Female,33,City,Fullstack Developer,98231.0,Single
505,Suhani Vaswani,Female,27,Suburb,Freelancer,221850.0,Married
506,Arjun Dutta,Male,29,City,Freelancer,171410.0,Married
507,Riya Vernekar,Female,27,Suburb,Fullstack Developer,94643.0,Married
508,Vivaan Goel,Male,25,City,Data Scientist,32640.0,Single
509,Advait Das,Male,55,City,Business Owner,,Married
510,Veer Tandon,Male,61,Suburb,Business Owner,266443.0,Married
511,Mihika Das,Female,35,Suburb,Data Scientist,177733.0,Single
512,Reyansh Kulkarni,Male,22,Suburb,Freelancer,31130.0,Single
513,Rudra Ver,Male,27,City,Data Scientist,129335.0,Single
514,Aradhya Pandey,Female,38,City,Business Owner,222856.0,Married
515,Kavya Banerjee,Female,50,City,Business Owner,293417.0,Married
516,Avinash Gambhir,Male,46,City,Business Owner,177542.0,Single
517,Rehan Kulkarni,Male,29,Rural,Fullstack Developer,,Single
518,Suhani Mehtani,Female,34,City,Fullstack Developer,143481.0,Married
519,Rudra Mhatre,Male,60,City,Business Owner,225054.0,Single
520,Aryan Dewan,Male,21,City,Freelancer,41873.0,Married
521,Reyansh Chatterjee,Male,29,City,Fullstack Developer,147607.0,Single
522,Rudra D'Souza,Male,43,City,Consultant,105051.0,Single
523,Ayush Taneja,Male,39,City,Data Scientist,121729.0,Married
524,Kavya Malhotra,Female,53,Suburb,Business Owner,339870.0,Married
525,Mihika Duggal,Female,21,City,Fullstack Developer,42819.0,Married
526,Dhruv Saxena,Male,33,City,Data Scientist,91667.0,Married
527,Mira Mukherjee,Female,34,City,Data Scientist,191016.0,Married
528,Dhruv Arora,Male,18,City,Freelancer,21281.0,Married
529,Veer Patil,Male,19,City,Freelancer,27523.0,Married
530,Advait Dube,Male,53,Suburb,Business Owner,372963.0,Married
531,Aarya Ver,Male,32,City,Business Owner,,Married
532,Samar Mathur,Male,36,Rural,Data Scientist,119798.0,Married
533,Kriti Reddy,Female,54,City,Business Owner,112754.0,Married
534,Aryan Mathur,Male,23,City,Freelancer,43041.0,Married
535,Kiaan Kaul,Male,46,Suburb,Consultant,6075.0,Single
536,Kabir Wadhwa,Male,21,City,Freelancer,37679.0,Married
537,Ritvik Patil,Male,33,City,Data Scientist,,Married
538,Rohan Gandhi,Male,25,City,Freelancer,47520.0,Married
539,Rohan Taneja,Male,27,Suburb,Data Scientist,167318.0,Single
540,Veer Mehrotra,Male,41,City,Business Owner,254836.0,Married
541,Pranav Sen,Male,30,City,Data Scientist,172145.0,Single
542,Kavya Soni,Female,29,Rural,Fullstack Developer,98597.0,Married
543,Virat Bali,Male,41,City,Consultant,17218.0,Married
544,Advait Batra,Male,54,City,Consultant,2.0,Married
545,Aanya Reddy,Female,37,City,Business Owner,217735.0,Married
546,Vivaan Trivedi,Male,27,City,Freelancer,116941.0,Married
547,Ritvik Jaiswal,Male,29,City,Data Scientist,104847.0,Married
548,Pranav Acharya,Male,33,City,Business Owner,316901.0,Single
549,Sia Kapadia,Female,57,Rural,Business Owner,107961.0,Married
550,Aaryan D'Souza,Male,44,City,Business Owner,224323.0,Single
551,Yuvraj Jaiswal,Male,54,City,Business Owner,272068.0,Married
552,Arjun Singhal,Male,33,City,Data Scientist,122499.0,Married
553,Ayush Bajaj,Male,29,City,Freelancer,155264.0,Married
554,Ishita Mistry,Female,55,City,Business Owner,402899.0,Married
555,Pranav Reddy,Male,48,City,Consultant,61199.0,Married
556,Aahana Batra,Female,40,City,Consultant,79436.0,Single
557,Ayush Patel,Male,19,City,Freelancer,19068.0,Single
558,Rudra Verma,Male,36,City,Accountant,69919.0,Married
559,Aryan Trivedi,Male,28,Suburb,Fullstack Developer,114374.0,Single
560,Ishan Thakur,Female,23,City,Freelancer,42352.0,Married
561,Krishna Bali,Male,39,City,Consultant,7998.0,Single
562,Kunal Vernekar,Male,28,Rural,Fullstack Developer,117303.0,Married
563,Rehan Kadam,Male,26,City,Freelancer,94365.0,Single
564,Ishan Mukherjee,Male,25,City,Data Scientist,33166.0,Single
565,Swara Banerjee,Female,21,Suburb,Freelancer,48310.0,Married
566,Samar Rao,Male,41,City,Business Owner,207593.0,Single
567,Riya Dwivedi,Female,44,Suburb,Consultant,30280.0,Married
568,Kunal Patil,Male,21,City,Freelancer,38067.0,Married
569,Arnav Naidu,Male,25,Rural,Freelancer,49451.0,Married
570,Simran Nair,Female,24,City,Freelancer,59878.0,Married
571,Krishna Bhat,Male,48,City,Business Owner,429509.0,Married
572,Swara Monga,Female,28,City,Artist,48608.0,Married
573,Arnav Batra,Male,35,City,Business Owner,190358.0,Married
574,Reyansh Mathur,Male,27,City,Data Scientist,198981.0,Married
575,Samar Nanda,Male,28,City,Freelancer,69856.0,Married
576,Rehan Gambhir,Male,25,Suburb,Freelancer,42361.0,Single
577,Kunal Mittal,Male,24,Rural,Freelancer,13179.0,Married
578,Ritvik Gavaskar,Male,32,City,Data Scientist,101373.0,Married
579,Kabir Mehtani,Male,29,City,Freelancer,171328.0,Married
580,Rohan Srinivasan,Male,29,City,Freelancer,96480.0,Married
581,Vivaan Pandey,Male,21,City,Fullstack Developer,46711.0,Married
582,Pooja Soni,Female,30,Suburb,Data Scientist,123037.0,Married
583,Veer Choudhary,Male,50,Suburb,Consultant,109639.0,Married
584,Ishan Sardar,Male,35,City,Data Scientist,156759.0,Married
585,Reyansh Vasudeva,Male,47,City,Business Owner,189640.0,Married
586,Virat Bhat,Male,27,City,Freelancer,209355.0,Married
587,Zara Sareen,Female,53,City,Business Owner,171004.0,Married
588,Rehan Tandon,Male,42,City,Consultant,18853.0,Married
589,Aarushi Vernekar,Female,53,City,Business Owner,211928.0,Married
590,Anika Kaul,Female,36,City,Business Owner,97485.0,Married
591,Avinash Sethi,Male,33,Suburb,Data Scientist,141821.0,Married
592,Aaditya Sethi,Male,33,Suburb,Data Scientist,172005.0,Single
593,Priya Gandhi,Female,32,City,Business Owner,50.0,Married
594,Kabir Tandon,Male,24,City,Freelancer,5708.0,Married
595,Aditi Taneja,Female,36,City,Data Scientist,111788.0,Married
596,Riya Narang,Female,29,Suburb,Data Scientist,155792.0,Married
597,Avinash Reddy,Male,26,City,Freelancer,232089.0,Married
598,Aahana Anand,Female,51,Suburb,Business Owner,214824.0,Married
599,Sia Yadav,Female,57,City,Business Owner,331694.0,Married
600,Ishan Goswami,Female,38,City,Consultant,,Single
601,Samar Verma,Male,56,Suburb,Business Owner,421089.0,Married
602,Krishna Duggal,Male,61,City,Business Owner,411929.0,Married
603,Arya Shah,Male,18,Suburb,Freelancer,58457.0,Married
604,Kunal Malhotra,Male,25,Suburb,Fullstack Developer,,Married
605,Suhani Kulkarni,Female,35,City,Accountant,63883.0,Married
606,Aaryan Bansal,Male,32,City,Data Scientist,145504.0,Married
607,Ananya Dubey,Female,22,City,Fullstack Developer,25136.0,Married
608,Avani Patel,Female,29,City,Data Scientist,162004.0,Married
609,Kriti Lalwani,Female,25,City,Data Scientist,,Single
610,Manya Patil,Female,44,City,Business Owner,213638.0,Single
611,Rehan Verma,Male,135,Rural,Business Owner,444776.0,Married
612,Ishan Malik,Male,36,City,Data Scientist,188838.0,Married
613,Ishan Gavaskar,Female,24,City,Artist,44782.0,Single
614,Riya Taneja,Female,25,City,Freelancer,35721.0,Married
615,Aryan Rastogi,Male,26,City,Freelancer,212398.0,Married
616,Swara Wadhwa,Female,19,City,Freelancer,10120.0,Married
617,Kunal Chauhan,Male,33,Suburb,Fullstack Developer,87033.0,Married
618,Ishita Singh,Female,29,City,Data Scientist,196348.0,Single
619,Aaryan Kapoor,Male,46,City,Business Owner,193192.0,Married
620,Sanjana Singhal,Female,37,Rural,Data Scientist,180772.0,Married
621,Aaryan Dua,Male,31,City,Data Scientist,192297.0,Married
622,Akshay Narang,Male,25,Suburb,Fullstack Developer,42596.0,Single
623,Dhruv Malik,Male,48,City,Business Owner,321879.0,Married
624,Zara Jaiswal,Female,18,City,Freelancer,32793.0,Married
625,Rehan Saxena,Male,26,City,Data Scientist,117389.0,Married
626,Virat Kulkarni,Male,22,City,Fullstack Developer,8138.0,Married
627,Mihika Arora,Female,18,City,Freelancer,55724.0,Single
628,Akshay Yadav,Male,47,Suburb,Consultant,44646.0,Married
629,Rudra Dutta,Male,28,Suburb,Freelancer,198082.0,Married
630,Pranav Patil,Male,29,Suburb,Freelancer,186031.0,Married
631,Ayush Nanda,Male,50,Suburb,Consultant,21070.0,Married
632,Kavya Khanna,Female,32,City,Data Scientist,177600.0,Married
633,Gauri Singhania,Female,35,City,Business Owner,336658.0,Single
634,Rudra Mehtani,Male,26,City,Data Scientist,2.0,Married
635,Anaya Dutta,Female,21,City,Freelancer,,Married
636,Rohan Mukherjee,Male,48,City,Business Owner,357693.0,Single
637,Aarya Kadam,Male,33,City,Fullstack Developer,98828.0,Married
638,Kabir Jain,Male,31,Rural,Data Scientist,189224.0,Married
639,Samar Gupta,Male,24,Suburb,Fullstack Developer,18534.0,Single
640,Ishan Kulkarni,Male,48,City,Consultant,105906.0,Married
641,Vivaan Dubey,Male,41,City,Business Owner,155726.0,Married
642,Simran Banerjee,Female,29,City,Freelancer,248597.0,Married
643,Aarya Pande,Male,42,Suburb,Business Owner,404875.0,Single
644,Swara Anand,Female,24,City,Freelancer,50014.0,Married
645,Dhruv Das,Male,64,City,Business Owner,,Single
646,Arnav Kapadia,Male,25,City,Fullstack Developer,30307.0,Single
647,Gauri Sharma,Female,29,City,Data Scientist,161541.0,Married
648,Ritvik Kapadia,Male,27,City,Data Scientist,192974.0,Single
649,Kunal Rathore,Male,41,City,Consultant,,Married
650,Krishna Banerjee,Male,61,Suburb,Business Owner,194922.0,Single
651,Gauri Mittal,Female,47,Rural,Consultant,,Married
652,Aditya Nair,Male,24,City,Fullstack Developer,32014.0,Single
653,Avani Choudhary,Female,26,City,Freelancer,210957.0,Married
654,Anika Saxena,Female,38,City,Consultant,17135.0,Married
655,Gauri Vernekar,Female,35,Suburb,Data Scientist,111306.0,Married
656,Advait Monga,Male,40,City,Business Owner,276974.0,Married
657,Pooja Negi,Female,26,City,Freelancer,80428.0,Married
658,Simran Soni,Female,19,City,Freelancer,17669.0,Married
659,Sara Negi,Female,29,City,Artist,32760.0,Married
660,Amaira Mangal,Female,35,City,Data Scientist,181052.0,Married
661,Advait Rastogi,Male,34,Rural,Accountant,55489.0,Married
662,Rudra Mehta,Male,34,City,Fullstack Developer,143915.0,Married
663,Aryan Malhotra,Male,23,City,Freelancer,44128.0,Single
664,Manya Naidu,Female,22,City,Freelancer,52061.0,Married
665,Ayush Khanna,Male,32,Rural,Fullstack Developer,,Married
666,Aisha Narang,Female,28,City,Data Scientist,91538.0,Married
667,Kiaan Bali,Male,54,City,Consultant,66125.0,Married
668,Veer Acharya,Male,44,City,Consultant,16571.0,Married
669,Kriti Sinha,Female,39,City,Data Scientist,190652.0,Married
670,Aaryan Sharma,Male,61,City,Business Owner,329548.0,Married
671,Aryan Bansal,Male,40,City,Consultant,116070.0,Married
672,Rudra Nanda,Male,54,City,Business Owner,405425.0,Married
673,Swara Yadav,Female,27,City,Fullstack Developer,70847.0,Married
674,Samaira Shah,Female,58,City,Business Owner,315163.0,Married
675,Sia Naidu,Female,39,Suburb,Business Owner,132951.0,Married
676,Rohan Thakur,Male,20,City,Fullstack Developer,31410.0,Married
677,Aaditya Taneja,Male,47,Suburb,Consultant,77015.0,Married
678,Veer Sinha,Male,36,Suburb,Data Scientist,142723.0,Married
679,Pranav Saxena,Male,24,Rural,Fullstack Developer,18566.0,Married
680,Aarav Malik,Male,49,City,Consultant,94944.0,Married
681,Aaryan Agarwal,Male,23,City,Freelancer,38515.0,Single
682,Arya Jaiswal,Male,37,Suburb,Data Scientist,,Married
683,Avinash Jha,Male,23,City,Freelancer,38914.0,Married
684,Yash Gandhi,Male,39,Suburb,Data Scientist,183997.0,Married
685,Suhani Choudhary,Female,61,City,Business Owner,247826.0,Single
686,Veer Dewan,Male,60,Suburb,Business Owner,187035.0,Married
687,Vihaan Jaiswal,Male,40,City,Business Owner,2.0,Married
688,Anjali Das,Female,31,City,Fullstack Developer,132023.0,Married
689,Dhruv Dewan,Male,26,City,Artist,,Married
690,Ishan Gulati,Female,27,Suburb,Artist,41967.0,Married
691,Aarav Anand,Male,26,City,Freelancer,236483.0,Single
692,Advik Tandon,Male,51,City,Business Owner,435530.0,Married
693,Dhruv Jha,Male,1,City,Business Owner,83045.0,Married
694,Aditi Mehrotra,Female,37,Suburb,Data Scientist,,Married
695,Rohan Mehta,Male,28,City,Data Scientist,,Married
696,Rohan Bali,Male,51,City,Consultant,5175.0,Married
697,Ishan Negi,Male,47,City,Consultant,20.0,Married
698,Aarya Sinha,Male,18,City,Freelancer,36031.0,Single
699,Samar Naidu,Male,52,City,Business Owner,299596.0,Single
700,Kabir Bose,Male,28,Suburb,Freelancer,95122.0,Single
701,Ridhi Gambhir,Female,25,City,Freelancer,47740.0,Married
702,Amara Sen,Female,39,City,Business Owner,333380.0,Married
703,Sneha Tandon,Female,41,Suburb,Business Owner,261406.0,Married
704,Aanya Sharma,Female,110,City,Freelancer,43404.0,Single
705,Kriti Jain,Female,22,City,Fullstack Developer,47403.0,Married
706,Swara Singh,Female,28,City,Artist,46682.0,Married
707,Pooja Dewan,Female,47,City,Business Owner,171796.0,Single
708,Kunal Joshi,Male,62,Suburb,Business Owner,440129.0,Married
709,Aditya Saxena,Male,29,City,Data Scientist,189830.0,Married
710,Anika Verma,Female,110,City,Data Scientist,98417.0,Married
711,Aditya Sinha,Male,26,City,Accountant,66855.0,Married
712,Aisha Pande,Female,40,Suburb,Business Owner,102016.0,Married
713,Sanjana Verma,Female,18,City,Freelancer,59627.0,Single
714,Ayush Jain,Male,64,Rural,Business Owner,280995.0,Married
715,Yash Kulkarni,Male,36,City,Business Owner,153729.0,Married
716,Aarav Mehrotra,Male,47,City,Business Owner,408073.0,Married
717,Anaya Banerjee,Female,28,City,Freelancer,94058.0,Married
718,Isha Kapoor,Female,24,Suburb,Fullstack Developer,8969.0,Married
719,Pooja Rathod,Female,47,Suburb,Consultant,70742.0,Married
720,Vivaan Narang,Male,39,City,Data Scientist,181496.0,Married
721,Pranav Banerjee,Male,61,City,Business Owner,146516.0,Married
722,Ishan Sharma,Female,23,City,Freelancer,47665.0,Married
723,Reyansh Jain,Male,35,City,Data Scientist,113925.0,Married
724,Avinash Srinivasan,Male,60,Suburb,Business Owner,98216.0,Married
725,Arya Narang,Male,29,City,Freelancer,66225.0,Married
726,Samar Gavaskar,Male,60,Rural,Business Owner,198252.0,Married
727,Yuvraj Bose,Male,33,City,Business Owner,309420.0,Married
728,Samar Sinha,Male,29,City,Data Scientist,107383.0,Married
729,Rehan Yadav,Male,135,City,Business Owner,382836.0,Married
730,Vivaan Puri,Male,48,City,Consultant,112627.0,Single
731,Arjun Yadav,Male,35,City,Business Owner,135554.0,Married
732,Virat Singh,Male,29,City,Data Scientist,176236.0,Single
733,Aahan Ver,Male,20,City,Freelancer,50308.0,Single
734,Aisha Sen,Female,23,Rural,Freelancer,39844.0,Married
735,Gauri Mangal,Female,23,City,Freelancer,36490.0,Married
736,Rehan Rathod,Male,19,City,Freelancer,14647.0,Married
737,Vivaan Taneja,Male,25,City,Fullstack Developer,37345.0,Married
738,Mira Verma,Female,25,City,Fullstack Developer,55787.0,Married
739,Aarya Taneja,Male,24,Suburb,Artist,37472.0,Married
740,Advait Mhatre,Male,27,City,Freelancer,195752.0,Married
741,Advait Trivedi,Male,40,City,Consultant,6501.0,Married
742,Advait Choudhary,Male,41,Suburb,Business Owner,75383.0,Single
743,Mira Mangal,Female,35,Suburb,Data Scientist,100811.0,Married
744,Anjali Reddy,Female,21,City,Fullstack Developer,51510.0,Married
745,Swara Kaul,Female,39,City,Data Scientist,,Married
746,Aarya Jha,Male,28,City,Accountant,77114.0,Married
747,Kunal Pawar,Male,48,Suburb,Consultant,115883.0,Married
748,Aarav Yadav,Male,30,Suburb,Fullstack Developer,144901.0,Married
749,Aaditya Malik,Male,32,Suburb,Accountant,62037.0,Married
750,Vivaan Das,Male,55,City,Business Owner,267157.0,Married
751,Virat Ver,Male,28,Rural,Data Scientist,115784.0,Married
752,Ananya Tandon,Female,32,City,Fullstack Developer,152874.0,Single
753,Virat Trivedi,Male,29,City,Data Scientist,117218.0,Married
754,Krishna Reddy,Male,29,City,Fullstack Developer,110723.0,Single
755,Ritvik Malik,Male,50,City,Business Owner,149970.0,Married
756,Amaira Pandey,Female,29,City,Data Scientist,127401.0,Married
757,Riya Ganguly,Female,27,Suburb,Freelancer,123004.0,Married
758,Aradhya Mistry,Female,29,Rural,Fullstack Developer,155732.0,Married
759,Vivaan Verma,Male,52,Suburb,Business Owner,130531.0,Married
760,Krishna Kaul,Male,22,Suburb,Freelancer,21119.0,Single
761,Rudra Agarwal,Male,21,City,Freelancer,48869.0,Single
762,Kiaan Patel,Male,62,City,Business Owner,278922.0,Single
763,Yash Kaul,Male,29,City,Fullstack Developer,87479.0,Married
764,Anaya Shah,Female,31,Rural,Fullstack Developer,140750.0,Married
765,Kriti Kadam,Female,44,Suburb,Consultant,108958.0,Married
766,Neha Soni,Female,41,City,Business Owner,229011.0,Married
767,Rishabh Das,Male,29,Suburb,Data Scientist,182533.0,Married
768,Aditya Bose,Male,22,City,Fullstack Developer,11526.0,Married
769,Rohan Malik,Male,24,Rural,Fullstack Developer,46272.0,Married
770,Ishan Mehta,Female,59,City,Business Owner,163085.0,Married
771,Ishan Rastogi,Male,60,City,Business Owner,381515.0,Married
772,Yuvraj Rastogi,Male,18,Suburb,Freelancer,45041.0,Married
773,Aahan Sinha,Male,42,City,Business Owner,161187.0,Married
774,Arnav Malhotra,Male,29,City,Freelancer,213065.0,Married
775,Yuvraj Vaswani,Male,30,City,Data Scientist,119162.0,Married
776,Krishna Batra,Male,57,Suburb,Business Owner,231834.0,Married
777,Ishita Srivastava,Female,51,City,Business Owner,280824.0,Married
778,Aryan Nair,Male,22,Suburb,Freelancer,50630.0,Married
779,Avani Mehtani,Female,61,City,Business Owner,380053.0,Married
780,Dhruv Mehta,Male,34,Suburb,Business Owner,401868.0,Married
781,Aarya Kulkarni,Male,52,City,Consultant,44421.0,Single
782,Dhruv Tiwari,Male,26,City,Freelancer,124495.0,Married
783,Arnav Kaul,Male,24,City,Freelancer,23573.0,Married
784,Ishan Patil,Male,25,City,Freelancer,34177.0,Married
785,Rohan Jain,Male,27,City,Data Scientist,,Single
786,Aarya Yadav,Male,29,City,Fullstack Developer,80098.0,Married
787,Samar Saxena,Male,18,City,Freelancer,45338.0,Married
788,Krishna Patel,Male,53,Suburb,Business Owner,267106.0,Married
789,Vihaan Singhal,Male,20,City,Fullstack Developer,,Single
790,Advait Bansal,Male,52,City,Business Owner,351669.0,Married
791,Vihaan Pande,Male,24,Suburb,Freelancer,58382.0,Married
792,Sara Mhatre,Female,38,City,Data Scientist,,Single
793,Arnav D'Souza,Male,33,Suburb,Business Owner,323446.0,Married
794,Amaira Thakur,Female,29,City,Freelancer,132667.0,Single
795,Advait D'Souza,Male,40,City,Business Owner,226278.0,Single
796,Manya Mehta,Female,24,City,Freelancer,59359.0,Single
797,Ishan Bali,Male,20,City,Fullstack Developer,51602.0,Married
798,Yash Mehta,Male,29,City,Artist,32710.0,Married
799,Yuvraj Dwivedi,Male,44,Rural,Consultant,58585.0,Married
800,Krishna Khanna,Male,28,City,Data Scientist,198131.0,Single
801,Ayush Mhatre,Male,23,Suburb,Freelancer,53314.0,Married
802,Krishna Shetty,Male,24,City,Fullstack Developer,30316.0,Married
803,Aahan Vaswani,Male,22,City,Fullstack Developer,45513.0,Married
804,Avyanna Mathur,Female,39,Suburb,Business Owner,78987.0,Married
805,Aarushi Dhawan,Female,32,City,Business Owner,292375.0,Married
806,Pranav Sinha,Male,21,City,Freelancer,35607.0,Married
807,Pranav Narang,Male,39,City,Business Owner,234986.0,Married
808,Aaditya Goyal,Male,48,City,Consultant,33682.0,Married
809,Isha Kaul,Female,23,Suburb,Freelancer,57427.0,Married
810,Rohan Sen,Male,39,City,Business Owner,446935.0,Married
811,Vivaan Dutta,Male,24,Suburb,Freelancer,46599.0,Single
812,Rishabh Agarwal,Male,29,Suburb,Freelancer,223260.0,Married
813,Samar Negi,Male,21,City,Freelancer,16465.0,Married
814,Mihika Tiwari,Female,32,City,Data Scientist,171287.0,Married
815,Aahan Bhat,Male,27,Suburb,Freelancer,217903.0,Married
816,Pranav Mhatre,Male,26,City,Artist,59941.0,Single
817,Ayush Malik,Male,61,Suburb,Business Owner,377165.0,Married
818,Akshay Mehrotra,Male,47,City,Consultant,,Single
819,Aanya Jaiswal,Female,29,City,Fullstack Developer,128100.0,Married
820,Arjun Dua,Male,52,City,Business Owner,243585.0,Married
821,Arnav Acharya,Male,32,City,Data Scientist,171504.0,Married
822,Amara Kaul,Female,28,City,Freelancer,90409.0,Married
823,Kunal Wadhwa,Male,43,Suburb,Business Owner,427738.0,Single
824,Ayush Goyal,Male,25,City,Artist,47988.0,Single
825,Rohan Choudhary,Male,51,Suburb,Business Owner,444430.0,Married
826,Aditya Verma,Male,32,City,Data Scientist,94050.0,Married
827,Sara Gandhi,Female,47,City,Consultant,71868.0,Married
828,Rohan Reddy,Male,55,City,Business Owner,174638.0,Married
829,Ayush Gupta,Male,47,City,Consultant,63148.0,Married
830,Vivaan Vaswani,Male,36,City,Data Scientist,121975.0,Married
831,Pranav Duggal,Male,29,City,Fullstack Developer,92369.0,Married
832,Suhani Sharma,Female,23,City,Fullstack Developer,18777.0,Single
833,Ridhi Raj,Female,110,City,Fullstack Developer,95379.0,Single
834,Kabir Chauhan,Male,29,City,Freelancer,215587.0,Married
835,Aaryan Jain,Male,21,City,Freelancer,53682.0,Married
836,Myra Saxena,Female,39,City,Consultant,99408.0,Married
837,Yash Nanda,Male,48,City,Business Owner,348593.0,Single
838,Dhruv Rathod,Male,18,Suburb,Freelancer,57137.0,Married
839,Amaira Bose,Female,50,Suburb,Consultant,67571.0,Married
840,Ritvik Saxena,Male,38,City,Data Scientist,122346.0,Married
841,Aarav Gupta,Male,22,City,Freelancer,17057.0,Married
842,Samar Kapadia,Male,34,Rural,Fullstack Developer,71790.0,Married
843,Aaryan Malik,Male,29,City,Freelancer,102849.0,Single
844,Neha Kaul,Female,29,Suburb,Fullstack Developer,150063.0,Married
845,Gauri Singh,Female,54,Suburb,Business Owner,129586.0,Married
846,Rohan Jaiswal,Male,1,City,Consultant,20838.0,Married
847,Rishabh Dube,Male,22,City,Freelancer,9047.0,Married
848,Neha Singhania,Female,50,City,Business Owner,285192.0,Single
849,Advik Rao,Male,29,City,Fullstack Developer,78291.0,Married
850,Aahan Raj,Male,54,City,Business Owner,441295.0,Married
851,Rehan Malik,Male,25,City,Freelancer,27402.0,Single
852,Vihaan Gupta,Male,29,Suburb,Freelancer,227541.0,Married
853,Kabir Thakur,Male,25,City,Freelancer,27783.0,Single
854,Rishabh Gandhi,Male,54,City,Business Owner,231540.0,Married
855,Sanjana Jain,Female,46,Suburb,Consultant,58017.0,Married
856,Aanya Taneja,Female,2,City,Fullstack Developer,30689.0,Married
857,Mira Gambhir,Female,27,City,Freelancer,231135.0,Single
858,Sneha Sethi,Female,47,City,Business Owner,337815.0,Single
859,Aditya Jha,Male,39,Suburb,Consultant,63069.0,Married
860,Aryan Duggal,Male,60,City,Business Owner,104218.0,Married
861,Aahana Dwivedi,Female,23,Suburb,Fullstack Developer,22927.0,Married
862,Rudra Vaswani,Male,27,Suburb,Freelancer,64662.0,Married
863,Aaditya Rao,Male,50,City,Business Owner,353543.0,Married
864,Rohan Kapadia,Male,20,City,Freelancer,47615.0,Married
865,Pranav Trivedi,Male,39,Suburb,Business Owner,251649.0,Married
866,Aaditya Pawar,Male,26,City,Fullstack Developer,115464.0,Single
867,Ishan Kapoor,Male,49,City,Business Owner,447655.0,Single
868,Kriti Sharma,Female,33,City,Fullstack Developer,90039.0,Married
869,Rehan Rastogi,Male,39,Rural,Business Owner,217684.0,Married
870,Priya Gulati,Female,25,City,Artist,47559.0,Married
871,Rishabh Sen,Male,39,City,Business Owner,191882.0,Married
872,Aditya Mangal,Male,28,City,Fullstack Developer,135260.0,Single
873,Arnav Dwivedi,Male,22,City,Artist,57842.0,Married
874,Isha Puri,Female,26,City,Artist,69080.0,Married
875,Ayush Sardar,Male,50,Suburb,Business Owner,270462.0,Married
876,Akshay Das,Male,50,City,Business Owner,107166.0,Married
877,Advik Kapadia,Male,24,Suburb,Freelancer,43768.0,Single
878,Aditya Wadhwa,Male,55,Suburb,Business Owner,227268.0,Married
879,Rudra Ganguly,Male,49,Suburb,Business Owner,192207.0,Single
880,Aarya Kaul,Male,59,Suburb,Business Owner,362754.0,Married
881,Sneha Vernekar,Female,56,City,Business Owner,425147.0,Married
882,Kavya Mhatre,Female,50,City,Business Owner,279633.0,Married
883,Arnav Malik,Male,41,City,Consultant,117634.0,Married
884,Suhani Vernekar,Female,24,Suburb,Freelancer,28932.0,Married
885,Yash Malik,Male,33,Suburb,Data Scientist,113641.0,Married
886,Virat Raj,Male,22,City,Freelancer,22930.0,Married
887,Ishita Mehta,Female,30,Suburb,Fullstack Developer,152924.0,Married
888,Sara Kapoor,Female,47,City,Consultant,12381.0,Married
889,Dhruv Lalwani,Male,36,City,Business Owner,103267.0,Married
890,Kabir Batra,Male,64,City,Business Owner,413211.0,Married
891,Krishna Lalwani,Male,42,Suburb,Business Owner,202157.0,Married
892,Aaditya Sharma,Male,42,Rural,Business Owner,435372.0,Married
893,Ishan Nanda,Male,50,Suburb,Business Owner,273718.0,Married
894,Ishan Mittal,Male,31,City,Data Scientist,128377.0,Single
895,Aryan Patel,Male,44,City,Business Owner,251232.0,Married
896,Krishna Goswami,Male,1,City,Freelancer,31533.0,Married
897,Rudra Choudhary,Male,60,City,Business Owner,445385.0,Married
898,Kiaan Gambhir,Male,57,Suburb,Business Owner,423586.0,Married
899,Ishan Goswami,Male,41,City,Business Owner,118769.0,Single
900,Samaira Patil,Female,51,City,Consultant,96429.0,Married
901,Kavya Dube,Female,39,City,Data Scientist,161300.0,Single
902,Samaira Ver,Female,33,Rural,Business Owner,324714.0,Single
903,Rohan Saxena,Male,22,City,Freelancer,14982.0,Married
904,Aryan Bajaj,Male,57,Rural,Business Owner,214948.0,Single
905,Vihaan Goswami,Male,39,City,Data Scientist,124803.0,Married
906,Aryan Sethi,Male,38,City,Consultant,51175.0,Married
907,Advik Srivastava,Male,29,Rural,Freelancer,93768.0,Married
908,Aisha Agarwal,Female,31,City,Data Scientist,157371.0,Married
909,Virat Reddy,Male,48,Suburb,Consultant,33172.0,Married
910,Mihika Puri,Female,46,Suburb,Consultant,109271.0,Married
911,Ayush Dwivedi,Male,37,City,Data Scientist,97002.0,Single
912,Swara Mangal,Female,22,Rural,Freelancer,7903.0,Married
913,Kiaan Sethi,Male,26,City,Freelancer,182589.0,Single
914,Ishita Acharya,Female,21,Suburb,Fullstack Developer,31409.0,Single
915,Yash Soni,Male,24,Suburb,Freelancer,23909.0,Married
916,Simran Mhatre,Female,21,City,Freelancer,32514.0,Single
917,Arjun Bajaj,Male,21,City,Fullstack Developer,51895.0,Married
918,Sia Rao,Female,22,City,Freelancer,17540.0,Married
919,Dhruv Chauhan,Male,42,City,Business Owner,156407.0,Single
920,Reyansh Sen,Male,39,Suburb,Consultant,7985.0,Married
921,Aarushi Rana,Female,25,Rural,Fullstack Developer,34870.0,Married
922,Swara Trivedi,Female,53,City,Business Owner,304869.0,Single
923,Arya Goyal,Male,26,City,Data Scientist,132303.0,Married
924,Kunal Patel,Male,110,City,Freelancer,51629.0,Married
925,Zara Rastogi,Female,28,City,Freelancer,206341.0,Married
926,Manya Mangal,Female,20,City,Fullstack Developer,28209.0,Single
927,Krishna Mittal,Male,23,Suburb,Freelancer,51247.0,Married
928,Rishabh Singhal,Male,25,City,Artist,48942.0,Married
929,Krishna Sharma,Male,53,City,Business Owner,397779.0,Single
930,Aradhya Yadav,Female,29,Suburb,Freelancer,139321.0,Married
931,Neha Malik,Female,47,Suburb,Consultant,70471.0,Married
932,Aaditya Patil,Male,64,City,Business Owner,285121.0,Married
933,Avinash Tiwari,Male,35,City,Data Scientist,,Married
934,Aditi Goswami,Female,25,Suburb,Accountant,27895.0,Married
935,Kunal Dewan,Male,23,City,Artist,42753.0,Married
936,Aaryan Singh,Male,25,City,Artist,17752.0,Married
937,Advik Sen,Male,34,City,Fullstack Developer,136244.0,Married
938,Aaditya Reddy,Male,20,City,Fullstack Developer,55612.0,Married
939,Ishan Narang,Female,25,City,Artist,52069.0,Married
940,Manya Verma,Female,41,City,Business Owner,98566.0,Married
941,Rehan Banerjee,Male,28,City,Data Scientist,117457.0,Married
942,Yash Trivedi,Male,22,Rural,Fullstack Developer,51315.0,Married
943,Vihaan Mehrotra,Male,30,Suburb,Data Scientist,95595.0,Married
944,Vivaan Kaul,Male,21,City,Freelancer,20408.0,Married
945,Manya Bose,Female,36,City,Data Scientist,111810.0,Married
946,Aarohi Thakur,Female,31,Suburb,Data Scientist,103467.0,Married
947,Riya Sethi,Female,39,City,Business Owner,254881.0,Married
948,Anika Pande,Female,18,City,Freelancer,39135.0,Single
949,Ishita Jaiswal,Female,32,City,Data Scientist,139076.0,Single
950,Kavya Wadhwa,Female,31,Suburb,Fullstack Developer,81489.0,Married
951,Anjali Malik,Female,31,City,Accountant,62220.0,Married
952,Virat Shetty,Male,135,City,Data Scientist,49677.0,Married
953,Aditi Srinivasan,Female,64,City,Business Owner,200192.0,Married
954,Vihaan Malik,Male,33,City,Business Owner,225962.0,Married
955,Reyansh Puri,Male,31,City,Data Scientist,162382.0,Married
956,Aahan Gandhi,Male,39,Suburb,Business Owner,,Married
957,Priya Malik,Female,24,City,Artist,,Married
958,Aarav Verma,Male,38,City,Data Scientist,187650.0,Married
959,Pranav Pawar,Male,24,City,Freelancer,58752.0,Married
960,Ayush Singhania,Male,23,City,Artist,9667.0,Single
961,Ishan Rathore,Male,21,City,Freelancer,42046.0,Married
962,Pranav Singh,Male,58,City,Business Owner,305929.0,Married
963,Rehan Rana,Male,27,City,Data Scientist,170596.0,Married
964,Kriti Singhania,Female,22,City,Freelancer,34227.0,Married
965,Rohan Das,Male,50,City,Business Owner,413556.0,Married
966,Rohan Singh,Male,35,Suburb,Business Owner,336275.0,Married
967,Ayush Mathur,Male,31,City,Data Scientist,164318.0,Married
968,Rudra Reddy,Male,55,Suburb,Business Owner,203224.0,Married
969,Veer Sareen,Male,56,Suburb,Business Owner,287627.0,Married
970,Yuvraj Malhotra,Male,55,Suburb,Business Owner,263055.0,Married
971,Reyansh Saxena,Male,21,City,Freelancer,8949.0,Married
972,Advik Khanna,Male,24,Suburb,Fullstack Developer,17315.0,Married
973,Aaditya Saxena,Male,20,City,Fullstack Developer,38679.0,Married
974,Pranav Rastogi,Male,21,City,Freelancer,56611.0,Married
975,Akshay Soni,Male,34,City,Data Scientist,126822.0,Married
976,Aarav Bajaj,Male,34,City,Business Owner,92899.0,Single
977,Aaditya Sen,Male,28,City,Fullstack Developer,140691.0,Married
978,Riya Chatterjee,Female,33,City,Fullstack Developer,75011.0,Married
979,Ritvik Verma,Male,40,City,Consultant,115646.0,Single
980,Rishabh Singh,Male,27,City,Freelancer,163064.0,Married
981,Aahan Wadhwa,Male,24,Rural,Fullstack Developer,49141.0,Married
982,Advik Pande,Male,46,Rural,Business Owner,122954.0,Single
983,Dhruv Sen,Male,25,Suburb,Data Scientist,12056.0,Married
984,Zara Chauhan,Female,20,City,Fullstack Developer,15033.0,Married
985,Reyansh Yadav,Male,40,Suburb,Business Owner,432100.0,Married
986,Reyansh Gandhi,Male,39,City,Data Scientist,115376.0,Married
987,Avani Yadav,Female,20,City,Fullstack Developer,51566.0,Married
988,Samar Narang,Male,59,City,Business Owner,303101.0,Married
989,Priya Vernekar,Female,40,Suburb,Consultant,39117.0,Married
990,Aarav Rathod,Male,55,City,Business Owner,239619.0,Married
991,Akshay Singhal,Male,44,City,Business Owner,152116.0,Married
992,Arya Dube,Male,135,City,Fullstack Developer,93267.0,Single
993,Vivaan Dewan,Male,37,City,Data Scientist,129041.0,Married
994,Arya Chauhan,Male,28,City,Freelancer,81565.0,Single
995,Aisha Jha,Female,27,City,Data Scientist,169888.0,Married
996,Manya Vasudeva,Female,26,City,Freelancer,,Married
997,Aarav Dhawan,Male,55,City,Business Owner,290061.0,Single
998,Rehan Jha,Male,29,City,Fullstack Developer,139141.0,Married
999,Amara Rathore,Female,47,City,Business Owner,,Married
1000,Akshay Choudhary,Male,28,City,Freelancer,226873.0,Married
